{"Porte1": {"bd": [579.6363525390625, 488.3940124511719], "bg": [354.1001892089844, 494.7332763671875], "img": "q3.png", "title": "qrCode3", "hg": [347.5799560546875, 271.2609558105469], "height": 15.75, "width": 15.75, "type": "mur", "id": 21, "hd": [569.4738159179688, 263.369140625]}}